﻿[
  {
    "AccessKeyId": "LTAI4FmKyLtChjPm6kvr8brC",
    "AccessKeySecret": "ovzU5xGpoEG8Qclv9HzCeRwixlrZ4I",
    "NameSrvAddr": "http://MQ_INST_1282082963315717_BcOsSRpY.mq-internet-access.mq-internet.aliyuncs.com:80",
    "Topic": "TopicTest",
    "GroupId": "GID_Test",
    "GroupIdPrefix": "GID_",
    "MsgType": 1,
    "Remark": "普通消息"
  },
  {
    "AccessKeyId": "LTAI4FmKyLtChjPm6kvr8brC",
    "AccessKeySecret": "ovzU5xGpoEG8Qclv9HzCeRwixlrZ4I",
    "NameSrvAddr": "http://MQ_INST_1282082963315717_BcOsSRpY.mq-internet-access.mq-internet.aliyuncs.com:80",
    "Topic": "ShardingOrderTopicTest",
    "GroupId": "GID_ShardingOrderTest",
    "GroupIdPrefix": "GID_",
    "MsgType": 2,
    "Remark": "分区顺序消息"
  },
  {
    "AccessKeyId": "LTAI4FmKyLtChjPm6kvr8brC",
    "AccessKeySecret": "ovzU5xGpoEG8Qclv9HzCeRwixlrZ4I",
    "NameSrvAddr": "http://MQ_INST_1282082963315717_BcOsSRpY.mq-internet-access.mq-internet.aliyuncs.com:80",
    "Topic": "GlobalOrderTopicTest",
    "GroupId": "GID_GlobalOrderTest",
    "GroupIdPrefix": "GID_",
    "MsgType": 3,
    "Remark": "全局顺序消息"
  },
  {
    "AccessKeyId": "LTAI4FmKyLtChjPm6kvr8brC",
    "AccessKeySecret": "ovzU5xGpoEG8Qclv9HzCeRwixlrZ4I",
    "NameSrvAddr": "http://MQ_INST_1282082963315717_BcOsSRpY.mq-internet-access.mq-internet.aliyuncs.com:80",
    "Topic": "TimeDelayTopicTest",
    "GroupId": "GID_TimeDelayTest",
    "GroupIdPrefix": "GID_",
    "MsgType": 5,
    "Remark": "定时/延时消息"
  }
]